﻿<parameters>
  <parameter name="IIS Web Application Name" defaultValue="Default Web Site/Topdesk_Dashboard_deploy" tags="IisApp">
    <parameterEntry kind="ProviderPath" scope="IisApp" match="^C:\\Users\\Kevin\\Dropbox\\Topdesk\ project\\Topdesk_Dashboard\\Topdesk_Dashboard\\obj\\Release\\Package\\PackageTmp$" />
    <parameterEntry kind="ProviderPath" scope="setAcl" match="^C:\\Users\\Kevin\\Dropbox\\Topdesk\ project\\Topdesk_Dashboard\\Topdesk_Dashboard\\obj\\Release\\Package\\PackageTmp$" />
  </parameter>
  <parameter name="topdesk5ConnectionString-Web.config Connection String" defaultValue="Data Source=PVB-P-TD1;Initial Catalog=topdesk5;Persist Security Info=True;User ID=helpdesk;Password=H3lpd3sk;MultipleActiveResultSets=True;Application Name=EntityFramework">
    <parameterEntry kind="XmlFile" scope="C:\\Users\\Kevin\\Dropbox\\Topdesk\ project\\Topdesk_Dashboard\\Topdesk_Dashboard\\obj\\Release\\Package\\PackageTmp\\Web\.config$" match="/configuration/connectionStrings/add[@name='topdesk5ConnectionString']/@connectionString" />
  </parameter>
  <parameter name="topdesk5ConnectionString1-Web.config Connection String" defaultValue="Data Source=PVB-P-TD1;Initial Catalog=topdesk5;Persist Security Info=True;User ID=helpdesk;Password=H3lpd3sk;MultipleActiveResultSets=True;Application Name=EntityFramework">
    <parameterEntry kind="XmlFile" scope="C:\\Users\\Kevin\\Dropbox\\Topdesk\ project\\Topdesk_Dashboard\\Topdesk_Dashboard\\obj\\Release\\Package\\PackageTmp\\Web\.config$" match="/configuration/connectionStrings/add[@name='topdesk5ConnectionString1']/@connectionString" />
  </parameter>
  <parameter name="topdesk5Entities-Web.config Connection String" defaultValue="metadata=res://*/Model1.csdl|res://*/Model1.ssdl|res://*/Model1.msl;provider=System.Data.SqlClient;provider connection string=&quot;data source=PVB-P-TD1;initial catalog=topdesk5;persist security info=True;user id=helpdesk;password=H3lpd3sk;MultipleActiveResultSets=True;App=EntityFramework&quot;">
    <parameterEntry kind="XmlFile" scope="C:\\Users\\Kevin\\Dropbox\\Topdesk\ project\\Topdesk_Dashboard\\Topdesk_Dashboard\\obj\\Release\\Package\\PackageTmp\\Web\.config$" match="/configuration/connectionStrings/add[@name='topdesk5Entities']/@connectionString" />
  </parameter>
</parameters>